TicketMiner Membership,Username,Password,Last Name,Concerts Purchased,Money Available,ID,First Name
true,katherinemcdonald,Fun!23,Mcdonald,0,12753.71,950,Katherine
false,chelseagallagher,Fun!23,Gallagher,0,5244.64,108,Chelsea
false,beastdisney,Fun!23,Disney,0,9670.8,20,Beast
false,nancymorgan,Fun!23,Morgan,0,6991.24,148,Nancy
false,kevinboone,Fun!23,Boone,0,9581.32,741,Kevin
false,sarahgriffin,Fun!23,Griffin,0,11001.9,682,Sarah
false,stephaniemcdonald,Fun!23,Mcdonald,0,12241.75,96,Stephanie
true,darleneshaw,Fun!23,Shaw,0,9028.21,495,Darlene
true,franciscorodriguez,Fun!23,Rodriguez,0,9768.03,82,Francisco
false,victoriawhite,Fun!23,White,0,13130.63,837,Victoria
false,melissaholt,Fun!23,Holt,0,12370.89,1006,Melissa
false,craigfleming,Fun!23,Fleming,0,7302.13,831,Craig
true,sheilalewis,Fun!23,Lewis,0,5894.19,211,Sheila
false,jermainedean,Fun!23,Dean,0,13772.67,714,Jermaine
true,christophersanford,Fun!23,Sanford,0,14038,518,Christopher
true,michaelmccormick,Fun!23,Mccormick,0,8046.89,737,Michael
false,elizabethcordova,Fun!23,Cordova,0,11513.6,356,Elizabeth
true,dereklopez,Fun!23,Lopez,0,14726.18,630,Derek
false,tamialexander,Fun!23,Alexander,0,7060.14,293,Tami
true,craigoconnell,Fun!23,Oconnell,0,5846.58,387,Craig
false,michaelparrish,Fun!23,Parrish,0,5353.53,673,Michael
true,sandranewton,Fun!23,Newton,0,6880.76,839,Sandra
true,bryanmassey,Fun!23,Massey,0,8939.23,1021,Bryan
false,plutodisney,Fun!23,Disney,0,13362.53,5,Pluto
false,michaelmorton,Fun!23,Morton,0,13526.77,520,Michael
true,josephfritz,Fun!23,Fritz,0,9621.4,823,Joseph
true,vanessacarson,Fun!23,Carson,0,14079.54,1029,Vanessa
false,alinouri,Fun!23,Nouri,0,7663.02,38,Ali
false,andysegura,Fun!23,Segura,0,14529.27,83,Andy
false,richardvargas,Fun!23,Vargas,0,11182.06,149,Richard
true,lisayu,Fun!23,Yu,0,5622.57,1022,Lisa
true,dianarivera,Fun!23,Rivera,0,6665.24,994,Diana
false,quasimododisney,Fun!23,Disney,0,9227.19,32,Quasimodo
false,teresataylor,Fun!23,Taylor,0,11336.47,788,Teresa
false,dennissmith,Fun!23,Smith,0,6090.88,744,Dennis
false,nicholassmith,Fun!23,Smith,0,10069.89,853,Nicholas
false,christinawalker,Fun!23,Walker,0,12268.88,169,Christina
false,melissaevans,Fun!23,Evans,0,13624.34,904,Melissa
true,jenniferdavidson,Fun!23,Davidson,0,12972.21,878,Jennifer
false,allisonchang,Fun!23,Chang,0,13303.25,275,Allison
false,angelacarney,Fun!23,Carney,0,11722.7,743,Angela
false,ryanwilkins,Fun!23,Wilkins,0,12314,445,Ryan
true,michelecummings,Fun!23,Cummings,0,13282.86,386,Michele
true,robertdavis,Fun!23,Davis,0,5228.02,274,Robert
true,ethansmith,Fun!23,Smith,0,6133.66,84,Ethan
true,ryanpeterson,Fun!23,Peterson,0,14476.45,1000,Ryan
false,deannacummings,Fun!23,Cummings,0,10012.95,911,Deanna
false,lisagaines,Fun!23,Gaines,0,8940.02,314,Lisa
false,williehobbs,Fun!23,Hobbs,0,5771.54,728,Willie
true,jasminedisney,Fun!23,Disney,0,9245.13,10,Jasmine
true,christinavillanueva,Fun!23,Villanueva,0,7638.31,882,Christina
false,cesarjones,Fun!23,Jones,0,9103.43,218,Cesar
true,ronaldmartinez,Fun!23,Martinez,0,5361.77,947,Ronald
true,ericaburch,Fun!23,Burch,0,9382.84,924,Erica
true,stevencabrera,Fun!23,Cabrera,0,9850.56,440,Steven
true,karldavis,Fun!23,Davis,0,5929.71,858,Karl
false,brandonflores,Fun!23,Flores,0,9938.11,658,Brandon
false,jessicafrye,Fun!23,Frye,0,8446.04,498,Jessica
true,tammythomas,Fun!23,Thomas,0,7193.44,1004,Tammy
false,jadecrawford,Fun!23,Crawford,0,7765,318,Jade
true,gloriapage,Fun!23,Page,0,13611.8,303,Gloria
true,robertflores,Fun!23,Flores,0,11828.7,956,Robert
false,douglashernandez,Fun!23,Hernandez,0,9088.99,709,Douglas
true,danamiller,Fun!23,Miller,0,7356.2,841,Dana
true,philipzamora,Fun!23,Zamora,0,5372.83,156,Philip
true,crystalhudson,Fun!23,Hudson,0,10791.95,109,Crystal
true,michaelsmith,Fun!23,Smith,0,9721.19,180,Michael
false,brandonsmith,Fun!23,Smith,0,12464.43,444,Brandon
false,jameswatson,Fun!23,Watson,0,7071.52,915,James
true,philipholt,Fun!23,Holt,0,12888.94,848,Philip
false,kellybell,Fun!23,Bell,0,9087.96,479,Kelly
true,donnaallen,Fun!23,Allen,0,13345.35,206,Donna
true,josephrobinson,Fun!23,Robinson,0,10669.8,871,Joseph
true,daltonbryant,Fun!23,Bryant,0,8779.83,925,Dalton
true,jessicaolsen,Fun!23,Olsen,0,14251.8,537,Jessica
true,kennethsmith,Fun!23,Smith,0,11453.28,353,Kenneth
true,michealsanders,Fun!23,Sanders,0,11367.74,797,Micheal
true,davidharvey,Fun!23,Harvey,0,13783.78,600,David
false,aliciamoran,Fun!23,Moran,0,8575.18,815,Alicia
false,richardsullivan,Fun!23,Sullivan,0,13933,766,Richard
false,cruelladevil,Fun!23,DeVil,0,8604.17,22,Cruella
true,marthaperry,Fun!23,Perry,0,9440.66,554,Martha
true,darinbaker,Fun!23,Baker,0,13985.98,598,Darin
true,lauriemendoza,Fun!23,Mendoza,0,13229.99,769,Laurie
false,chipdisney,Fun!23,Disney,0,12001.22,6,Chip
true,austingriffin,Fun!23,Griffin,0,11928.32,105,Austin
true,ericramos,Fun!23,Ramos,0,6779.64,471,Eric
false,jenniferhernandez,Fun!23,Hernandez,0,12755.33,953,Jennifer
false,kylieking,Fun!23,King,0,14800.17,937,Kylie
true,arianalara,Fun!23,Lara,0,9207.07,225,Ariana
false,davidcosta,Fun!23,Costa,0,6527.56,578,David
true,chrisholden,Fun!23,Holden,0,5119.79,259,Chris
true,amandavang,Fun!23,Vang,0,14502.07,542,Amanda
true,tiffanydavis,Fun!23,Davis,0,13182.29,523,Tiffany
true,angelbarber,Fun!23,Barber,0,6707.98,494,Angel
true,jacobgonzalez,Fun!23,Gonzalez,0,14886.32,58,Jacob
false,ivanacedoaguilar,Fun!23,AcedoAguilar,0,5718.11,41,Ivan
false,courtneyjohnson,Fun!23,Johnson,0,5722.27,338,Courtney
false,chrisjones,Fun!23,Jones,0,13790.01,570,Chris
false,sethvelasco,Fun!23,Velasco,0,7877.12,89,Seth
false,robertpark,Fun!23,Park,0,11757.79,224,Robert
false,joshuabanks,Fun!23,Banks,0,13360.59,715,Joshua
false,scottbailey,Fun!23,Bailey,0,14729.19,635,Scott
false,seanhull,Fun!23,Hull,0,5067.73,405,Sean
true,jenniferevans,Fun!23,Evans,0,8318.41,767,Jennifer
true,carlosirwin,Fun!23,Irwin,0,13746.51,907,Carlos
true,christopherberry,Fun!23,Berry,0,9508.93,962,Christopher
false,michaelthomas,Fun!23,Thomas,0,14790.63,776,Michael
true,elizabethalvarez,Fun!23,Alvarez,0,6650.16,383,Elizabeth
false,zacharyellison,Fun!23,Ellison,0,7080,205,Zachary
false,erikalopez,Fun!23,Lopez,0,14968.3,622,Erika
true,danapark,Fun!23,Park,0,6837.64,922,Dana
false,nicholasjackson,Fun!23,Jackson,0,6953.17,669,Nicholas
true,alyssareese,Fun!23,Reese,0,5283.71,470,Alyssa
false,brandyvalenzuela,Fun!23,Valenzuela,0,8848.87,545,Brandy
false,pablomartinez,Fun!23,Martinez,0,5776.44,73,Pablo
true,darlenerussell,Fun!23,Russell,0,12218.7,536,Darlene
false,dominiquejohnson,Fun!23,Johnson,0,9601.5,65,Dominique
true,christophercontreras,Fun!23,Contreras,0,8034.63,98,Christopher
false,anthonymoore,Fun!23,Moore,0,6293.87,659,Anthony
false,renecervantez,Fun!23,Cervantez,0,5372.87,49,Rene
false,dianamatthews,Fun!23,Matthews,0,12413.25,562,Diana
true,jareddelosreyes,Fun!23,DeLosReyes,0,13743,52,Jared
true,suzannekennedy,Fun!23,Kennedy,0,7485.93,944,Suzanne
true,kellywilson,Fun!23,Wilson,0,7243.74,909,Kelly
false,angelcoronel,Fun!23,Coronel,0,14437.04,50,Angel
true,thomassanders,Fun!23,Sanders,0,14476.54,706,Thomas
true,paulfisher,Fun!23,Fisher,0,8696.71,231,Paul
false,ashleyjones,Fun!23,Jones,0,7730.51,242,Ashley
false,lisamiller,Fun!23,Miller,0,5253.97,678,Lisa
true,simbadisney,Fun!23,Disney,0,7408.95,12,Simba
true,jamiehernandez,Fun!23,Hernandez,0,8995.24,577,Jamie
true,robertpreston,Fun!23,Preston,0,11591.19,103,Robert
false,timothywagner,Fun!23,Wagner,0,14789.5,1025,Timothy
true,alexandrarobinson,Fun!23,Robinson,0,9656.89,292,Alexandra
false,lindarodriguez,Fun!23,Rodriguez,0,13831.73,680,Linda
false,douglasbryant,Fun!23,Bryant,0,14479.16,733,Douglas
false,kellyharris,Fun!23,Harris,0,8670.77,551,Kelly
true,michellerivera,Fun!23,Rivera,0,12251.97,780,Michelle
false,heidibarker,Fun!23,Barker,0,8489.48,354,Heidi
false,dakotaharper,Fun!23,Harper,0,14339.63,553,Dakota
true,jamespittman,Fun!23,Pittman,0,8057.34,176,James
true,jaredperry,Fun!23,Perry,0,13515.88,620,Jared
false,christopherdavis,Fun!23,Davis,0,11458.35,703,Christopher
true,isabellagaytan,Fun!23,Gaytan,0,8367.02,57,Isabella
true,andrewtorres,Fun!23,Torres,0,11116.7,583,Andrew
true,danawilliams,Fun!23,Williams,0,13580.08,93,Dana
false,martinedwards,Fun!23,Edwards,0,8114.91,568,Martin
false,perryhill,Fun!23,Hill,0,12994.54,697,Perry
true,johnblair,Fun!23,Blair,0,8032.8,700,John
false,kimberlyharris,Fun!23,Harris,0,6703.1,1031,Kimberly
false,robertalvarez,Fun!23,Alvarez,0,6363.1,43,Robert
false,melissarivera,Fun!23,Rivera,0,9868.97,325,Melissa
true,laurawilliams,Fun!23,Williams,0,12387.58,1007,Laura
false,brittanyandrews,Fun!23,Andrews,0,11431.11,94,Brittany
true,ashleymorales,Fun!23,Morales,0,10737.41,960,Ashley
true,margaretsmith,Fun!23,Smith,0,8063.81,519,Margaret
true,anitafletcher,Fun!23,Fletcher,0,14536.95,752,Anita
true,christopherunderwood,Fun!23,Underwood,0,10977.43,734,Christopher
true,evilqueen,Fun!23,Queen,0,5395.88,29,Evil
true,thomasking,Fun!23,King,0,13468.1,168,Thomas
true,christinacarter,Fun!23,Carter,0,6310.51,902,Christina
true,elizabethcastillo,Fun!23,Castillo,0,6836.67,805,Elizabeth
true,ryanwashington,Fun!23,Washington,0,13997.43,955,Ryan
true,michaelnunez,Fun!23,Nunez,0,14508.73,732,Michael
true,deborahscott,Fun!23,Scott,0,9712.14,455,Deborah
false,beckysimpson,Fun!23,Simpson,0,14183.53,957,Becky
false,beverlyjohnson,Fun!23,Johnson,0,8831.77,120,Beverly
true,susandavis,Fun!23,Davis,0,7955.55,294,Susan
true,gregorysullivan,Fun!23,Sullivan,0,7665.09,280,Gregory
true,elizabethtorres,Fun!23,Torres,0,10753.94,753,Elizabeth
false,marystevens,Fun!23,Stevens,0,8406.74,378,Mary
true,nathanthompson,Fun!23,Thompson,0,8814.22,726,Nathan
true,ericvazquez,Fun!23,Vazquez,0,11709.31,189,Eric
false,amyrodriguez,Fun!23,Rodriguez,0,8552.36,476,Amy
true,timothybernard,Fun!23,Bernard,0,13584.43,693,Timothy
false,brianhayes,Fun!23,Hayes,0,8827.61,343,Brian
true,kimbuckley,Fun!23,Buckley,0,14815.17,195,Kim
true,stevenhartman,Fun!23,Hartman,0,10980.62,660,Steven
false,anaandrade,Fun!23,Andrade,0,7020.19,940,Ana
true,alejandroramirez,Fun!23,Ramirez,0,7320.37,79,Alejandro
false,jessicalloyd,Fun!23,Lloyd,0,7031,827,Jessica
true,jacobwilliams,Fun!23,Williams,0,10325.35,385,Jacob
true,toddbrooks,Fun!23,Brooks,0,7031.82,143,Todd
false,monicacraig,Fun!23,Craig,0,6859.27,746,Monica
false,briancastillo,Fun!23,Castillo,0,6668.32,262,Brian
false,juliealexander,Fun!23,Alexander,0,9256.58,166,Julie
false,matthewkhan,Fun!23,Khan,0,14720.57,923,Matthew
true,markthompson,Fun!23,Thompson,0,14462.15,829,Mark
true,annmiller,Fun!23,Miller,0,8109.53,687,Ann
true,ambernguyen,Fun!23,Nguyen,0,10491.26,608,Amber
false,codyscott,Fun!23,Scott,0,5140.82,185,Cody
false,joshuahickman,Fun!23,Hickman,0,11674.45,724,Joshua
true,christophercraig,Fun!23,Craig,0,8386,576,Christopher
false,davidthomas,Fun!23,Thomas,0,14988.61,265,David
false,kellyyu,Fun!23,Yu,0,7301.59,222,Kelly
false,danielmejia,Fun!23,Mejia,0,6232.57,37,Daniel
true,markramos,Fun!23,Ramos,0,10615.57,188,Mark
false,goofydisney,Fun!23,Disney,0,8804.58,4,Goofy
true,samuelharrington,Fun!23,Harrington,0,7106.61,174,Samuel
false,jeffreygonzalez,Fun!23,Gonzalez,0,7405.84,373,Jeffrey
false,jeremyfoster,Fun!23,Foster,0,9032.71,762,Jeremy
false,wendystanton,Fun!23,Stanton,0,5556.67,467,Wendy
false,christopherjohnson,Fun!23,Johnson,0,10077.51,563,Christopher
true,angelawalker,Fun!23,Walker,0,12073.58,543,Angela
false,thomasbonilla,Fun!23,Bonilla,0,10576.54,477,Thomas
false,ricardorodriguez,Fun!23,Rodriguez,0,13774.11,406,Ricardo
true,jamesbrennan,Fun!23,Brennan,0,5683.42,595,James
true,wendyphillips,Fun!23,Phillips,0,6000.53,1030,Wendy
false,aladdindisney,Fun!23,Disney,0,13968.68,11,Aladdin
false,lindaalexander,Fun!23,Alexander,0,12227.57,458,Linda
false,amberconley,Fun!23,Conley,0,8122.69,943,Amber
true,alexisford,Fun!23,Ford,0,11483.28,251,Alexis
false,denisewilliams,Fun!23,Williams,0,11930.99,341,Denise
true,rubenedwards,Fun!23,Edwards,0,8199.36,401,Ruben
false,wendycampos,Fun!23,Campos,0,10365.44,514,Wendy
true,vincentharrison,Fun!23,Harrison,0,11545.09,961,Vincent
false,carolinetorres,Fun!23,Torres,0,6563.94,345,Caroline
false,matthewmason,Fun!23,Mason,0,5421.06,892,Matthew
false,joshuagomez,Fun!23,Gomez,0,8306.02,845,Joshua
true,emmapadilla,Fun!23,Padilla,0,11688.59,430,Emma
true,travisruiz,Fun!23,Ruiz,0,8168.88,377,Travis
false,barbaralove,Fun!23,Love,0,5607.96,896,Barbara
false,kevinharrison,Fun!23,Harrison,0,14667.56,857,Kevin
true,sarahmosley,Fun!23,Mosley,0,11330.42,350,Sarah
false,marygonzalez,Fun!23,Gonzalez,0,6645.55,686,Mary
true,natashawheeler,Fun!23,Wheeler,0,14762.95,369,Natasha
true,johndavis,Fun!23,Davis,0,14221.16,707,John
true,bryanwise,Fun!23,Wise,0,11229.81,870,Bryan
true,brookemaxwell,Fun!23,Maxwell,0,9704.46,1034,Brooke
true,josetoriano,Fun!23,Toriano,0,5009.04,85,Jose
false,jeffreyluna,Fun!23,Luna,0,14375.52,295,Jeffrey
false,christopherosborne,Fun!23,Osborne,0,9680.59,632,Christopher
false,davidgardner,Fun!23,Gardner,0,7658.37,145,David
false,brandywilkerson,Fun!23,Wilkerson,0,9058.79,768,Brandy
true,adambass,Fun!23,Bass,0,8891.86,417,Adam
false,sarahjones,Fun!23,Jones,0,14379.23,668,Sarah
true,shannonwhite,Fun!23,White,0,13613.03,601,Shannon
false,patrickhenderson,Fun!23,Henderson,0,11949.08,100,Patrick
false,danielledorsey,Fun!23,Dorsey,0,6514.22,505,Danielle
false,michaelwhite,Fun!23,White,0,5106.93,184,Michael
true,cynthiaellis,Fun!23,Ellis,0,7867.56,836,Cynthia
true,chelseaporter,Fun!23,Porter,0,8877.82,336,Chelsea
true,melissamcdonald,Fun!23,Mcdonald,0,7914.95,651,Melissa
false,christophercoleman,Fun!23,Coleman,0,11081.58,137,Christopher
false,amandabaker,Fun!23,Baker,0,9582.21,1037,Amanda
false,robertogutierrez,Fun!23,Gutierrez,0,6686.3,226,Roberto
true,hollydavidson,Fun!23,Davidson,0,7347,799,Holly
false,kaadisney,Fun!23,Disney,0,8650.61,28,Kaa
true,stephaniewilliams,Fun!23,Williams,0,11858.74,887,Stephanie
false,jonathanavalos,Fun!23,Avalos,0,8710.69,40,Jonathan
false,amybradley,Fun!23,Bradley,0,13191.4,308,Amy
true,alexandrasimpson,Fun!23,Simpson,0,5846.56,781,Alexandra
true,edwardjohnson,Fun!23,Johnson,0,11163.85,365,Edward
true,woodydisney,Fun!23,Disney,0,10721.37,16,Woody
true,sarahtaylor,Fun!23,Taylor,0,11519.81,928,Sarah
false,lindarobles,Fun!23,Robles,0,14012.72,607,Linda
true,brianrojas,Fun!23,Rojas,0,14298.42,757,Brian
false,scarlion,Fun!23,Lion,0,8817.66,23,Scar
true,anitastein,Fun!23,Stein,0,12088.94,404,Anita
false,chasemiller,Fun!23,Miller,0,5677.6,216,Chase
true,oliviarichardson,Fun!23,Richardson,0,10009.32,893,Olivia
false,ambersellers,Fun!23,Sellers,0,9953.41,488,Amber
true,jasmineramirez,Fun!23,Ramirez,0,10674.32,304,Jasmine
false,shanearnold,Fun!23,Arnold,0,6997.7,379,Shane
true,mindyross,Fun!23,Ross,0,7002.61,872,Mindy
true,jenniferschultz,Fun!23,Schultz,0,9392.59,671,Jennifer
true,marklamb,Fun!23,Lamb,0,6488.2,425,Mark
true,alyssasmith,Fun!23,Smith,0,9947.98,592,Alyssa
false,carmenhays,Fun!23,Hays,0,10726.27,720,Carmen
false,jenniferhuang,Fun!23,Huang,0,10959.48,903,Jennifer
false,joshuameadows,Fun!23,Meadows,0,6180.63,381,Joshua
false,jonathanmartinez,Fun!23,Martinez,0,8120.05,806,Jonathan
true,jennifercopeland,Fun!23,Copeland,0,7854.58,447,Jennifer
true,megannoble,Fun!23,Noble,0,6010.61,125,Megan
true,ryanbrown,Fun!23,Brown,0,9319.59,529,Ryan
true,brianjacobson,Fun!23,Jacobson,0,12131.84,319,Brian
false,aprillopez,Fun!23,Lopez,0,10138.21,914,April
false,sarawest,Fun!23,West,0,5317.48,981,Sara
true,brettwallace,Fun!23,Wallace,0,9523,880,Brett
true,cherylwilson,Fun!23,Wilson,0,10008.48,324,Cheryl
false,danielolson,Fun!23,Olson,0,13319.74,97,Daniel
true,jessicamartin,Fun!23,Martin,0,7954.91,254,Jessica
true,matthewperez,Fun!23,Perez,0,7364.73,289,Matthew
true,jeffray,Fun!23,Ray,0,10320.74,589,Jeff
true,kirstenrobinson,Fun!23,Robinson,0,5607.79,114,Kirsten
false,kaylasmith,Fun!23,Smith,0,13094.29,631,Kayla
true,joseevans,Fun!23,Evans,0,10388,489,Jose
true,johnblevins,Fun!23,Blevins,0,8131.53,691,John
false,kristyhoover,Fun!23,Hoover,0,14570.86,290,Kristy
true,donaldduck,Fun!23,Duck,0,10686.05,2,Donald
false,michaelprince,Fun!23,Prince,0,10058.6,830,Michael
true,keithortiz,Fun!23,Ortiz,0,8173.94,187,Keith
true,jeffreysloan,Fun!23,Sloan,0,14071.88,342,Jeffrey
true,jerrycurtis,Fun!23,Curtis,0,10573.55,134,Jerry
true,jessicaramirez,Fun!23,Ramirez,0,12760.54,644,Jessica
true,andreariley,Fun!23,Riley,0,10779.04,966,Andrea
false,loganpalmer,Fun!23,Palmer,0,12166.25,111,Logan
true,kennethhouse,Fun!23,House,0,13229.18,868,Kenneth
true,geraldbeltran,Fun!23,Beltran,0,11588.84,560,Gerald
true,alexisblack,Fun!23,Black,0,13394.33,771,Alexis
true,dorothycox,Fun!23,Cox,0,10466.93,244,Dorothy
false,susanhumphrey,Fun!23,Humphrey,0,10707.95,256,Susan
false,emilybrady,Fun!23,Brady,0,9504.5,438,Emily
true,mariowalker,Fun!23,Walker,0,14500.92,278,Mario
false,heathercunningham,Fun!23,Cunningham,0,7724.69,625,Heather
false,shannonbennett,Fun!23,Bennett,0,5701.86,273,Shannon
false,elizabethjackson,Fun!23,Jackson,0,6585.62,1005,Elizabeth
true,hollycruz,Fun!23,Cruz,0,6466.17,729,Holly
true,anthonysanchez,Fun!23,Sanchez,0,11818.95,167,Anthony
false,rosagonzalez,Fun!23,Gonzalez,0,12736.32,59,Rosa
false,michaelamiranda,Fun!23,Miranda,0,8106.18,507,Michaela
false,michelleray,Fun!23,Ray,0,12874.93,770,Michelle
true,brittanyrichard,Fun!23,Richard,0,10592.76,667,Brittany
false,kennethboyd,Fun!23,Boyd,0,8869.39,877,Kenneth
true,lawrencehenry,Fun!23,Henry,0,11288.76,664,Lawrence
true,crystaljohnson,Fun!23,Johnson,0,14293.49,329,Crystal
true,samanthathomas,Fun!23,Thomas,0,12928.23,436,Samantha
false,bryanfields,Fun!23,Fields,0,8840.34,775,Bryan
false,brittanynielsen,Fun!23,Nielsen,0,8075.01,497,Brittany
false,josephhanna,Fun!23,Hanna,0,11003.17,1003,Joseph
false,mariamitchell,Fun!23,Mitchell,0,11334.06,297,Maria
true,simbaking,Fun!23,King,0,11040.9,24,Simba
false,rachelhart,Fun!23,Hart,0,12717.45,765,Rachel
false,cynthiapowell,Fun!23,Powell,0,13083.42,587,Cynthia
false,zacharytran,Fun!23,Tran,0,6426.97,412,Zachary
false,terrencedixon,Fun!23,Dixon,0,11755.66,972,Terrence
true,daniellegardner,Fun!23,Gardner,0,11245.4,574,Danielle
true,derekmacias,Fun!23,Macias,0,5645.65,661,Derek
false,travisburton,Fun!23,Burton,0,9735.34,692,Travis
false,kimberlykline,Fun!23,Kline,0,5456.69,131,Kimberly
false,codyrobles,Fun!23,Robles,0,7151.63,719,Cody
true,nicoleharvey,Fun!23,Harvey,0,7318.67,288,Nicole
false,hollyschneider,Fun!23,Schneider,0,11276.44,647,Holly
false,markbutler,Fun!23,Butler,0,11473.3,1020,Mark
false,brayantlopez,Fun!23,Lopez,0,6424.08,67,Brayant
true,luissolomon,Fun!23,Solomon,0,12790.5,984,Luis
true,barbarajones,Fun!23,Jones,0,5849.86,469,Barbara
false,jamesmitchell,Fun!23,Mitchell,0,12265.62,1017,James
false,annadavis,Fun!23,Davis,0,5750.84,684,Anna
false,mollycohen,Fun!23,Cohen,0,11588.05,204,Molly
true,samanthahowell,Fun!23,Howell,0,5246.71,197,Samantha
true,jeffreyrodriguez,Fun!23,Rodriguez,0,10884.11,754,Jeffrey
true,barbararobertson,Fun!23,Robertson,0,13116.1,252,Barbara
false,sandrarogers,Fun!23,Rogers,0,6871.44,173,Sandra
false,michaeljohnson,Fun!23,Johnson,0,5119.04,985,Michael
true,johnhansen,Fun!23,Hansen,0,8127.95,973,John
false,jasonskinner,Fun!23,Skinner,0,13408.56,459,Jason
true,enriqueaguilar,Fun!23,Aguilar,0,8479.59,42,Enrique
true,ashleywilcox,Fun!23,Wilcox,0,9312.02,402,Ashley
false,monicasullivan,Fun!23,Sullivan,0,9994.29,983,Monica
true,soniadurham,Fun!23,Durham,0,13230.32,873,Sonia
true,carolyndunn,Fun!23,Dunn,0,10215.45,875,Carolyn
false,lisarobinson,Fun!23,Robinson,0,14560.07,538,Lisa
false,josesmith,Fun!23,Smith,0,7794.52,814,Jose
false,teresagardner,Fun!23,Gardner,0,7357.05,657,Teresa
true,buzzlightyear,Fun!23,Lightyear,0,9405.7,17,Buzz
true,rickparrish,Fun!23,Parrish,0,9708.52,609,Rick
true,deansmith,Fun!23,Smith,0,7648.96,375,Dean
true,cristianpedroza,Fun!23,Pedroza,0,7202.04,78,Cristian
false,robertwilson,Fun!23,Wilson,0,13845.2,358,Robert
true,dawnking,Fun!23,King,0,13861.61,282,Dawn
true,tonyaelliott,Fun!23,Elliott,0,5283.8,1019,Tonya
true,joannaknight,Fun!23,Knight,0,5741.61,648,Joanna
true,brianlopez,Fun!23,Lopez,0,8724.15,472,Brian
false,jerrygamble,Fun!23,Gamble,0,11117.19,739,Jerry
false,jenniferwilliams,Fun!23,Williams,0,12655.97,162,Jennifer
true,didiguillen,Fun!23,Guillen,0,7591.25,62,Didi
false,douglasmckay,Fun!23,Mckay,0,11185.88,971,Douglas
true,natalierichardson,Fun!23,Richardson,0,7255.76,621,Natalie
false,belledisney,Fun!23,Disney,0,14610.57,21,Belle
true,lorettaphillips,Fun!23,Phillips,0,10787.15,653,Loretta
true,aliciajenkins,Fun!23,Jenkins,0,7995.79,384,Alicia
false,lisastafford,Fun!23,Stafford,0,9292.76,376,Lisa
false,williamadkins,Fun!23,Adkins,0,9984.09,727,William
false,peggymurphy,Fun!23,Murphy,0,5065.19,364,Peggy
true,jerrysmith,Fun!23,Smith,0,12703.95,615,Jerry
false,carriebennett,Fun!23,Bennett,0,5888.58,368,Carrie
true,princeeric,Fun!23,Eric,0,5337,31,Prince
false,briangates,Fun!23,Gates,0,11658.43,602,Brian
false,erikcase,Fun!23,Case,0,10081.12,243,Erik
true,michaelflores,Fun!23,Flores,0,6230.61,763,Michael
true,elizabethcruz,Fun!23,Cruz,0,13998.31,422,Elizabeth
false,annrogers,Fun!23,Rogers,0,9560.63,819,Ann
false,johnmorris,Fun!23,Morris,0,6530.13,428,John
false,karlajohnson,Fun!23,Johnson,0,8142.3,171,Karla
true,tammymartinez,Fun!23,Martinez,0,6393.6,286,Tammy
true,colleenhall,Fun!23,Hall,0,14245.59,792,Colleen
false,huntermoore,Fun!23,Moore,0,5455.25,415,Hunter
false,lilodisney,Fun!23,Disney,0,6030.19,35,Lilo
false,allisoncross,Fun!23,Cross,0,6661.81,403,Allison
false,mistyjimenez,Fun!23,Jimenez,0,8272.57,569,Misty
false,andrewmarshall,Fun!23,Marshall,0,9316.5,616,Andrew
true,derekirwin,Fun!23,Irwin,0,8904.67,481,Derek
false,angelicabruce,Fun!23,Bruce,0,11096.26,269,Angelica
true,derrickgrant,Fun!23,Grant,0,10983.6,150,Derrick
false,deborahhunt,Fun!23,Hunt,0,6202.21,349,Deborah
true,garysmith,Fun!23,Smith,0,14267.65,705,Gary
false,jennifersmith,Fun!23,Smith,0,10624.8,599,Jennifer
true,jessedunn,Fun!23,Dunn,0,5956.98,889,Jesse
false,jeffreymarquez,Fun!23,Marquez,0,5206.47,245,Jeffrey
false,ronaldparker,Fun!23,Parker,0,7304.93,136,Ronald
true,monicadavenport,Fun!23,Davenport,0,13400.19,126,Monica
true,kylehodges,Fun!23,Hodges,0,11354.43,128,Kyle
false,andrewgarcia,Fun!23,Garcia,0,10594.79,175,Andrew
false,shellyjones,Fun!23,Jones,0,11960.29,1035,Shelly
true,valeriemoore,Fun!23,Moore,0,9869.53,348,Valerie
false,philipchaney,Fun!23,Chaney,0,9455,457,Philip
true,arturohernandez,Fun!23,Hernandez,0,6027.64,64,Arturo
true,christinajones,Fun!23,Jones,0,11624.64,591,Christina
true,kimcraig,Fun!23,Craig,0,9488.53,1016,Kim
true,bradleybeltran,Fun!23,Beltran,0,10783.82,46,Bradley
false,tomperez,Fun!23,Perez,0,7621.96,90,Tom
false,seanmedina,Fun!23,Medina,0,11273.59,141,Sean
false,randykeller,Fun!23,Keller,0,11895.08,423,Randy
true,courtneytran,Fun!23,Tran,0,5841.53,546,Courtney
true,michaelwilliamson,Fun!23,Williamson,0,10781.07,832,Michael
false,seansmith,Fun!23,Smith,0,13713.58,772,Sean
true,donaldtran,Fun!23,Tran,0,12315.41,638,Donald
true,georgeproctor,Fun!23,Proctor,0,10618.68,802,George
true,bryantluna,Fun!23,Luna,0,13986.91,69,Bryant
false,josephbrooks,Fun!23,Brooks,0,13719.97,388,Joseph
true,timothygreene,Fun!23,Greene,0,14852.53,989,Timothy
true,sarahanderson,Fun!23,Anderson,0,7328.43,597,Sarah
true,matthewcampbell,Fun!23,Campbell,0,13021.63,313,Matthew
true,alexislupo,Fun!23,Lupo,0,8528.34,70,Alexis
true,kristinapatrick,Fun!23,Patrick,0,14140.65,433,Kristina
true,howarddavenport,Fun!23,Davenport,0,11802.85,751,Howard
true,jessicasmith,Fun!23,Smith,0,14824.04,1028,Jessica
true,emilyestes,Fun!23,Estes,0,14714.65,809,Emily
true,jonathanchristian,Fun!23,Christian,0,12655.89,315,Jonathan
true,seanklein,Fun!23,Klein,0,13980.18,95,Sean
true,dylanharris,Fun!23,Harris,0,7714.95,155,Dylan
true,jenniferschneider,Fun!23,Schneider,0,11390.29,929,Jennifer
false,jasonclark,Fun!23,Clark,0,6365.21,676,Jason
true,keithellis,Fun!23,Ellis,0,5396.01,394,Keith
true,marissaoconnell,Fun!23,Oconnell,0,10713.3,310,Marissa
true,mariahblack,Fun!23,Black,0,7732.34,980,Mariah
true,danielmarin,Fun!23,Marin,0,13587.02,71,Daniel
false,alyssapoole,Fun!23,Poole,0,6296.75,674,Alyssa
false,charleschambers,Fun!23,Chambers,0,14731.02,1010,Charles
true,robertojohnson,Fun!23,Johnson,0,11923.83,66,Roberto
false,michaelcowan,Fun!23,Cowan,0,14097.43,736,Michael
false,jeffreydelgado,Fun!23,Delgado,0,5826.03,209,Jeffrey
false,kimberlyrichardson,Fun!23,Richardson,0,9450.69,182,Kimberly
false,brandidaniel,Fun!23,Daniel,0,8176.48,813,Brandi
true,sherriarmstrong,Fun!23,Armstrong,0,6036.83,627,Sherri
false,captaiinhook,Fun!23,Hook,0,8175.16,27,Captaiin
true,amandashepherd,Fun!23,Shepherd,0,12778.8,331,Amanda
true,michelleholland,Fun!23,Holland,0,5720.63,127,Michelle
true,sherekhan,Fun!23,Khan,0,14013.86,26,Shere
false,shawnsantos,Fun!23,Santos,0,9841.89,995,Shawn
true,colleentorres,Fun!23,Torres,0,8389.89,512,Colleen
false,denisejohnson,Fun!23,Johnson,0,5762.79,936,Denise
false,christopherjones,Fun!23,Jones,0,5419.65,357,Christopher
false,gracekelley,Fun!23,Kelley,0,13464.77,530,Grace
false,tararodriguez,Fun!23,Rodriguez,0,14996.78,450,Tara
true,andrewcampos,Fun!23,Campos,0,12202.92,236,Andrew
true,theresaclark,Fun!23,Clark,0,11896.24,579,Theresa
true,cinderelladisney,Fun!23,Disney,0,7853.47,8,Cinderella
true,emilyrichardson,Fun!23,Richardson,0,5267.2,183,Emily
true,gregoryshort,Fun!23,Short,0,11271.19,921,Gregory
true,christophernorris,Fun!23,Norris,0,10232.96,116,Christopher
false,hannahmaldonado,Fun!23,Maldonado,0,12315.64,506,Hannah
true,phillipbrown,Fun!23,Brown,0,10740.51,582,Phillip
false,sandrasutton,Fun!23,Sutton,0,6879.37,867,Sandra
false,amberbrown,Fun!23,Brown,0,13631.77,359,Amber
true,nicolerowland,Fun!23,Rowland,0,7859.72,196,Nicole
false,emmaarmstrong,Fun!23,Armstrong,0,6858.26,337,Emma
true,michaelwilliams,Fun!23,Williams,0,14643.34,276,Michael
true,jamesromero,Fun!23,Romero,0,8457.69,263,James
false,benjaminramirez,Fun!23,Ramirez,0,9473.49,397,Benjamin
false,kevinswanson,Fun!23,Swanson,0,14896.67,362,Kevin
false,mendadorji,Fun!23,Dorji,0,13688.32,54,Menda
true,jamessimmons,Fun!23,Simmons,0,7525.29,964,James
false,angelalang,Fun!23,Lang,0,13460.96,504,Angela
true,shanemiller,Fun!23,Miller,0,14458.22,130,Shane
true,michaelrobinson,Fun!23,Robinson,0,5093.41,492,Michael
false,susangarcia,Fun!23,Garcia,0,13837.01,277,Susan
false,anthonyadams,Fun!23,Adams,0,9736.64,712,Anthony
false,sarafox,Fun!23,Fox,0,13229.41,761,Sara
false,jacobnorton,Fun!23,Norton,0,9152.2,844,Jacob
false,brandonmiller,Fun!23,Miller,0,9295.63,861,Brandon
false,melissajohnson,Fun!23,Johnson,0,12217.92,810,Melissa
false,sharoncastillo,Fun!23,Castillo,0,6067.28,941,Sharon
true,ronaldkent,Fun!23,Kent,0,6634.32,339,Ronald
false,davidclark,Fun!23,Clark,0,9680.14,897,David
false,vanessawatson,Fun!23,Watson,0,9164.85,614,Vanessa
false,davidbrown,Fun!23,Brown,0,8132.63,99,David
false,marygrant,Fun!23,Grant,0,5126.46,927,Mary
true,jamesnolan,Fun!23,Nolan,0,5611.59,199,James
true,irvinarredondo,Fun!23,Arredondo,0,10718.82,44,Irvin
true,beckygray,Fun!23,Gray,0,12268.1,431,Becky
false,stephenpeters,Fun!23,Peters,0,7016.53,1027,Stephen
false,kristablake,Fun!23,Blake,0,7556.31,427,Krista
true,jamessimpson,Fun!23,Simpson,0,13890.73,824,James
false,dennisreynolds,Fun!23,Reynolds,0,14676.54,532,Dennis
true,travismcdonald,Fun!23,Mcdonald,0,8550.98,110,Travis
false,jamesking,Fun!23,King,0,9874.01,122,James
true,amyhall,Fun!23,Hall,0,14849.23,954,Amy
true,brookepadilla,Fun!23,Padilla,0,12508.32,255,Brooke
true,dianagarcia,Fun!23,Garcia,0,14835.38,39,Diana
false,karasummers,Fun!23,Summers,0,13158.11,916,Kara
false,kennethdavis,Fun!23,Davis,0,13838.23,681,Kenneth
true,emilycole,Fun!23,Cole,0,5320.57,884,Emily
true,andrewhall,Fun!23,Hall,0,8118.92,1001,Andrew
true,jeremyrocha,Fun!23,Rocha,0,7893,969,Jeremy
false,douglasrodriguez,Fun!23,Rodriguez,0,12568.63,115,Douglas
true,tanyakent,Fun!23,Kent,0,9086.69,393,Tanya
true,kevinscott,Fun!23,Scott,0,6214.48,333,Kevin
false,jennifermills,Fun!23,Mills,0,13756.73,513,Jennifer
false,rickygardner,Fun!23,Gardner,0,14692.08,564,Ricky
true,jameshenderson,Fun!23,Henderson,0,7615.07,241,James
false,sharonmiller,Fun!23,Miller,0,11658.79,200,Sharon
true,juliangutierrez,Fun!23,Gutierrez,0,8156.34,483,Julian
true,leeburke,Fun!23,Burke,0,6198.45,212,Lee
false,leonardking,Fun!23,King,0,7974.43,704,Leonard
true,antonioedwards,Fun!23,Edwards,0,9998.48,604,Antonio
false,sandyblackwell,Fun!23,Blackwell,0,5107.02,747,Sandy
false,kellyjordan,Fun!23,Jordan,0,11104.88,723,Kelly
false,antoniobrooks,Fun!23,Brooks,0,14553.89,360,Antonio
true,bradleybell,Fun!23,Bell,0,5907.07,575,Bradley
false,laurenneal,Fun!23,Neal,0,12126.5,161,Lauren
true,dustinoliver,Fun!23,Oliver,0,7723.8,287,Dustin
false,michaeladams,Fun!23,Adams,0,11067.99,516,Michael
true,nicholascopeland,Fun!23,Copeland,0,8450.49,642,Nicholas
false,bobbybennett,Fun!23,Bennett,0,7863.97,515,Bobby
true,lindsaywebster,Fun!23,Webster,0,9304.41,322,Lindsay
false,michaelmuniz,Fun!23,Muniz,0,8913.76,76,Michael
false,lorijohnson,Fun!23,Johnson,0,10613.61,774,Lori
true,laurenhall,Fun!23,Hall,0,9179.03,281,Lauren
true,thomaselliott,Fun!23,Elliott,0,11388.39,382,Thomas
false,georgegilbert,Fun!23,Gilbert,0,5115.81,855,George
false,richardbrown,Fun!23,Brown,0,13477.63,179,Richard
true,darinporter,Fun!23,Porter,0,10303.39,250,Darin
true,jeffreybest,Fun!23,Best,0,8987.1,696,Jeffrey
false,tanyadavis,Fun!23,Davis,0,10084.17,271,Tanya
true,thomashall,Fun!23,Hall,0,8380.74,708,Thomas
true,justindavis,Fun!23,Davis,0,10197.77,500,Justin
false,minniemouse,Fun!23,Mouse,0,11029.71,3,Minnie
true,karenthomas,Fun!23,Thomas,0,13503.85,258,Karen
true,johnjones,Fun!23,Jones,0,5429.22,730,John
true,josephdavis,Fun!23,Davis,0,11362.69,886,Joseph
true,davidsoto,Fun!23,Soto,0,14832.14,407,David
false,michellemaldonado,Fun!23,Maldonado,0,5703.06,191,Michelle
false,danielsummers,Fun!23,Summers,0,12512.9,948,Daniel
true,alexandercarter,Fun!23,Carter,0,12069.14,531,Alexander
true,maximilianouribe,Fun!23,Uribe,0,10206.28,87,Maximiliano
false,williamwolf,Fun!23,Wolf,0,5786.48,355,William
false,sarahstanton,Fun!23,Stanton,0,5761.6,833,Sarah
false,stevenhernandez,Fun!23,Hernandez,0,8835.17,510,Steven
false,garypark,Fun!23,Park,0,5704.4,835,Gary
false,brendadouglas,Fun!23,Douglas,0,12897.18,316,Brenda
true,scottdunn,Fun!23,Dunn,0,12713.3,663,Scott
true,jordanwilson,Fun!23,Wilson,0,5047.84,330,Jordan
false,marycruz,Fun!23,Cruz,0,14951.52,291,Mary
true,alexisshea,Fun!23,Shea,0,9614.85,448,Alexis
true,danielguevara,Fun!23,Guevara,0,9212.21,61,Daniel
false,johnwhite,Fun!23,White,0,5211.04,413,John
true,amymorse,Fun!23,Morse,0,14703.52,895,Amy
false,wesleywilliamson,Fun!23,Williamson,0,12432.67,702,Wesley
true,philipcollins,Fun!23,Collins,0,9445.88,414,Philip
true,jeremymorris,Fun!23,Morris,0,10253.86,192,Jeremy
false,christinadodson,Fun!23,Dodson,0,9965.09,694,Christina
false,bruceclark,Fun!23,Clark,0,7757.66,499,Bruce
false,jodysanchez,Fun!23,Sanchez,0,12704.14,865,Jody
false,gregorymaxwell,Fun!23,Maxwell,0,10138,311,Gregory
false,nathancoleman,Fun!23,Coleman,0,12439.7,181,Nathan
false,jennifercarr,Fun!23,Carr,0,12723.91,758,Jennifer
true,amyfuller,Fun!23,Fuller,0,12796.57,968,Amy
true,erinjones,Fun!23,Jones,0,14188.52,793,Erin
false,jenniferpreston,Fun!23,Preston,0,13279.58,982,Jennifer
true,marychurch,Fun!23,Church,0,9190.85,279,Mary
true,barbaralane,Fun!23,Lane,0,9766.62,566,Barbara
true,stevenowens,Fun!23,Owens,0,9682.4,487,Steven
false,ianritter,Fun!23,Ritter,0,5211.91,80,Ian
true,georgeayala,Fun!23,Ayala,0,11681.51,800,George
true,jaredscott,Fun!23,Scott,0,5789.01,745,Jared
false,crystalhayes,Fun!23,Hayes,0,14130.94,826,Crystal
true,anthonysims,Fun!23,Sims,0,7318.12,395,Anthony
false,craigschaefer,Fun!23,Schaefer,0,7787.55,267,Craig
false,peterpan,Fun!23,Pan,0,6276.04,15,Peter
true,kayleehale,Fun!23,Hale,0,13730.73,528,Kaylee
true,bethsharp,Fun!23,Sharp,0,13662.14,634,Beth
false,rayhuynh,Fun!23,Huynh,0,5819.25,409,Ray
true,urselamermaid,Fun!23,Mermaid,0,13560.39,19,Ursela
false,tiffanyjones,Fun!23,Jones,0,8325.02,759,Tiffany
false,tammywaters,Fun!23,Waters,0,12926.82,970,Tammy
true,andreramos,Fun!23,Ramos,0,14191.88,899,Andre
false,johnhouse,Fun!23,House,0,12066.18,874,John
false,stephenvillegas,Fun!23,Villegas,0,14718.25,298,Stephen
true,alexandrafox,Fun!23,Fox,0,13647.09,462,Alexandra
true,lauriejohnson,Fun!23,Johnson,0,9516.15,854,Laurie
false,maryanderson,Fun!23,Anderson,0,11290.98,965,Mary
true,courtneyolsen,Fun!23,Olsen,0,10007.14,1008,Courtney
true,julieshaw,Fun!23,Shaw,0,6728.26,828,Julie
false,estebanlozanolopez,Fun!23,LozanoLopez,0,7751.25,68,Esteban
false,kathysmith,Fun!23,Smith,0,9325.54,787,Kathy
true,jeremiahwilliamson,Fun!23,Williamson,0,14167.53,374,Jeremiah
false,carolelliott,Fun!23,Elliott,0,5069.54,938,Carol
true,justinmartinez,Fun!23,Martinez,0,9217.98,419,Justin
false,phillipmeyer,Fun!23,Meyer,0,9728.84,718,Phillip
false,thomasclark,Fun!23,Clark,0,5516.3,138,Thomas
false,garymiller,Fun!23,Miller,0,8769.6,463,Gary
true,melissamccormick,Fun!23,Mccormick,0,12335.15,104,Melissa
true,bobbygonzales,Fun!23,Gonzales,0,14244.56,558,Bobby
false,zacharycampbell,Fun!23,Campbell,0,14900.43,988,Zachary
true,gabrielmikisilva,Fun!23,MikiSilva,0,13254.92,74,Gabriel
false,samanthacooper,Fun!23,Cooper,0,13377.38,484,Samantha
true,brittanyray,Fun!23,Ray,0,5883.26,228,Brittany
true,bryanhardy,Fun!23,Hardy,0,13473.44,326,Bryan
true,jonlopez,Fun!23,Lopez,0,7050.15,446,Jon
true,amychase,Fun!23,Chase,0,12072.07,541,Amy
true,brandondillon,Fun!23,Dillon,0,12195.6,572,Brandon
true,dylanlopez,Fun!23,Lopez,0,10045.84,567,Dylan
true,chadgreen,Fun!23,Green,0,9436.58,821,Chad
true,nicholasanderson,Fun!23,Anderson,0,13888.76,194,Nicholas
true,robertwu,Fun!23,Wu,0,12341.53,257,Robert
false,stitchdisney,Fun!23,Disney,0,12187.4,36,Stitch
true,lindamiller,Fun!23,Miller,0,12672.32,843,Linda
true,heatherrobbins,Fun!23,Robbins,0,10228.48,596,Heather
false,jasonlee,Fun!23,Lee,0,14168.75,677,Jason
true,rogercasey,Fun!23,Casey,0,10950.08,963,Roger
true,kimberlymiller,Fun!23,Miller,0,8306.43,932,Kimberly
false,kathrynperez,Fun!23,Perez,0,10124.75,219,Kathryn
true,wendymontoya,Fun!23,Montoya,0,13900.31,869,Wendy
false,tamiweaver,Fun!23,Weaver,0,8650.01,508,Tami
false,mulandisney,Fun!23,Disney,0,14063.26,34,Mulan
true,jameshammond,Fun!23,Hammond,0,10011.72,190,James
false,pamelacarter,Fun!23,Carter,0,6893.55,123,Pamela
true,kathleenhines,Fun!23,Hines,0,9019.16,548,Kathleen
true,michellegriffin,Fun!23,Griffin,0,10559.08,803,Michelle
false,victorharris,Fun!23,Harris,0,12802.63,717,Victor
true,kimberlygarcia,Fun!23,Garcia,0,5313.63,335,Kimberly
true,kimberlyroberts,Fun!23,Roberts,0,14780,735,Kimberly
true,michellediazdeleonjimenez,Fun!23,DiazDeLeonJimenez,0,9621.88,53,Michelle
true,andrewatkins,Fun!23,Atkins,0,11830.85,695,Andrew
false,lindabennett,Fun!23,Bennett,0,12736.53,170,Linda
false,mitchellgross,Fun!23,Gross,0,13815.3,951,Mitchell
true,markwashington,Fun!23,Washington,0,8547.22,883,Mark
false,stephenellis,Fun!23,Ellis,0,7408.24,121,Stephen
false,hannaharias,Fun!23,Arias,0,8401.01,132,Hannah
true,danajones,Fun!23,Jones,0,5593.2,581,Dana
false,ashleywalker,Fun!23,Walker,0,14430.44,672,Ashley
false,samuelburton,Fun!23,Burton,0,7179.06,977,Samuel
false,jackmorgan,Fun!23,Morgan,0,11284.63,891,Jack
true,adrianbonilla,Fun!23,Bonilla,0,11853.63,47,Adrian
true,edwardhernandez,Fun!23,Hernandez,0,11460.9,142,Edward
false,henrysalazar,Fun!23,Salazar,0,11144.5,740,Henry
false,tyronealvarado,Fun!23,Alvarado,0,8603.86,881,Tyrone
false,andreavila,Fun!23,Avila,0,7826.39,45,Andre
true,timothyjohnson,Fun!23,Johnson,0,11339.6,790,Timothy
false,raymondwoodward,Fun!23,Woodward,0,6173.81,434,Raymond
true,kellyherring,Fun!23,Herring,0,7493.37,885,Kelly
true,arimmartindelcampo,Fun!23,MartinDelCampo,0,13567.14,72,Arim
false,michaelcastillo,Fun!23,Castillo,0,5104.68,400,Michael
true,virginiaphelps,Fun!23,Phelps,0,7255.49,215,Virginia
true,timothyromero,Fun!23,Romero,0,5080.65,217,Timothy
true,anthonybyrd,Fun!23,Byrd,0,5046.12,978,Anthony
false,carlfoley,Fun!23,Foley,0,13783.71,689,Carl
false,gabrielsanders,Fun!23,Sanders,0,11826.97,665,Gabriel
false,brendanphillips,Fun!23,Phillips,0,13427.7,910,Brendan
false,michellemaynard,Fun!23,Maynard,0,7060.62,804,Michelle
false,lorihall,Fun!23,Hall,0,11689.56,666,Lori
false,richardpaul,Fun!23,Paul,0,14738.83,782,Richard
false,franciscomoore,Fun!23,Moore,0,13690.96,320,Francisco
true,michellepruitt,Fun!23,Pruitt,0,6114.05,534,Michelle
false,christopherwright,Fun!23,Wright,0,14456.16,247,Christopher
false,laurencoleman,Fun!23,Coleman,0,8440.36,890,Lauren
true,nicolejohnson,Fun!23,Johnson,0,12688.24,416,Nicole
false,mariakelly,Fun!23,Kelly,0,9562.26,1024,Maria
true,michaelmartinez,Fun!23,Martinez,0,12610.36,539,Michael
false,jessicafernandez,Fun!23,Fernandez,0,8736.21,399,Jessica
true,davidwright,Fun!23,Wright,0,13864.4,253,David
false,christopherfoster,Fun!23,Foster,0,5791.24,367,Christopher
true,tanyajohnson,Fun!23,Johnson,0,8954.09,807,Tanya
false,kristalambert,Fun!23,Lambert,0,14820.73,641,Krista
true,brittneydaniel,Fun!23,Daniel,0,9467.71,748,Brittney
true,chrisking,Fun!23,King,0,14022.68,285,Chris
true,shannonholden,Fun!23,Holden,0,13601.88,177,Shannon
false,jeffreyweiss,Fun!23,Weiss,0,12317.2,135,Jeffrey
false,normanfreeman,Fun!23,Freeman,0,9912.31,390,Norman
false,lisabrown,Fun!23,Brown,0,8690.67,352,Lisa
false,danielsmith,Fun!23,Smith,0,5753.72,716,Daniel
true,michellewood,Fun!23,Wood,0,13844.86,480,Michelle
false,rebeccanguyen,Fun!23,Nguyen,0,6350.4,683,Rebecca
true,jeremyalvarez,Fun!23,Alvarez,0,6084.36,186,Jeremy
true,sabrinanguyen,Fun!23,Nguyen,0,14140.8,778,Sabrina
true,kimcontreras,Fun!23,Contreras,0,12765.93,522,Kim
true,anthonybrooks,Fun!23,Brooks,0,12868.43,593,Anthony
true,victoranderson,Fun!23,Anderson,0,9128.14,840,Victor
true,christopherlucero,Fun!23,Lucero,0,6026.67,863,Christopher
true,ryanbowman,Fun!23,Bowman,0,6650.55,547,Ryan
true,katherineevans,Fun!23,Evans,0,7015.06,102,Katherine
false,seanhernandez,Fun!23,Hernandez,0,9261.26,722,Sean
true,raybooth,Fun!23,Booth,0,6438.08,452,Ray
false,rachelroberson,Fun!23,Roberson,0,5013.27,411,Rachel
true,scottrose,Fun!23,Rose,0,10313.77,398,Scott
true,susanalvarez,Fun!23,Alvarez,0,12183.26,213,Susan
true,kayleepatterson,Fun!23,Patterson,0,14833,240,Kaylee
true,christopherraymond,Fun!23,Raymond,0,5991.82,466,Christopher
false,michelleoliver,Fun!23,Oliver,0,5881.95,801,Michelle
true,ryansullivan,Fun!23,Sullivan,0,12746.54,549,Ryan
false,amandamiller,Fun!23,Miller,0,13432.69,207,Amanda
false,paulherman,Fun!23,Herman,0,11941.27,942,Paul
false,juanbrock,Fun!23,Brock,0,11608.45,838,Juan
false,jafaraladdin,Fun!23,Aladdin,0,11056.28,18,Jafar
false,johnsanders,Fun!23,Sanders,0,13610.7,1015,John
false,johnhill,Fun!23,Hill,0,11610.8,701,John
true,richardedwards,Fun!23,Edwards,0,12135.77,540,Richard
false,sheriadams,Fun!23,Adams,0,12746.66,584,Sheri
false,rhondakane,Fun!23,Kane,0,6844.97,372,Rhonda
false,donaldvillanueva,Fun!23,Villanueva,0,10439.52,919,Donald
false,colleensanchez,Fun!23,Sanchez,0,11250.55,629,Colleen
true,bradleyrodriguez,Fun!23,Rodriguez,0,7419.01,302,Bradley
false,benjaminjohnson,Fun!23,Johnson,0,12844.27,346,Benjamin
false,philliprichardson,Fun!23,Richardson,0,7464.74,934,Phillip
true,craigbrown,Fun!23,Brown,0,13280.64,777,Craig
false,angelamcintyre,Fun!23,Mcintyre,0,6973.37,473,Angela
true,mirandawalker,Fun!23,Walker,0,7360.19,959,Miranda
true,bethmoss,Fun!23,Moss,0,5474.53,1009,Beth
false,elizabethmedina,Fun!23,Medina,0,7716.64,997,Elizabeth
true,lawrenceprice,Fun!23,Price,0,10828.81,605,Lawrence
true,debraraymond,Fun!23,Raymond,0,5234,795,Debra
true,jillhenderson,Fun!23,Henderson,0,7525.84,172,Jill
false,jenniferguzman,Fun!23,Guzman,0,12975.05,725,Jennifer
true,williamrice,Fun!23,Rice,0,13106.07,764,William
false,victoriamoses,Fun!23,Moses,0,13441.8,524,Victoria
false,debrablackwell,Fun!23,Blackwell,0,10107.53,503,Debra
true,jamesmorgan,Fun!23,Morgan,0,7892.51,586,James
true,jenniferbailey,Fun!23,Bailey,0,14741.48,738,Jennifer
true,gregorycarr,Fun!23,Carr,0,6356.9,442,Gregory
true,christopherfields,Fun!23,Fields,0,11420.24,639,Christopher
true,victoriaellis,Fun!23,Ellis,0,6500.01,908,Victoria
false,danielfoster,Fun!23,Foster,0,6958.15,371,Daniel
true,michellewalsh,Fun!23,Walsh,0,9030.77,623,Michelle
true,lancedominguez,Fun!23,Dominguez,0,13194.1,301,Lance
true,robertwang,Fun!23,Wang,0,9958.18,949,Robert
false,christiansmith,Fun!23,Smith,0,12183.98,223,Christian
false,kaylamorgan,Fun!23,Morgan,0,9672.22,454,Kayla
false,ronaldbond,Fun!23,Bond,0,14888.71,626,Ronald
true,mirandamason,Fun!23,Mason,0,6258.26,710,Miranda
true,caseynavarro,Fun!23,Navarro,0,9212.12,811,Casey
false,andrewparks,Fun!23,Parks,0,5945.96,201,Andrew
true,michaelsanchez,Fun!23,Sanchez,0,14632.79,106,Michael
true,felixmillan,Fun!23,Millan,0,8741.48,75,Felix
false,richardtorres,Fun!23,Torres,0,9551.1,144,Richard
false,christophermelendez,Fun!23,Melendez,0,14969.78,526,Christopher
true,arieldisney,Fun!23,Disney,0,5573.53,9,Ariel
false,trevoryoung,Fun!23,Young,0,9061.09,456,Trevor
false,denisemorales,Fun!23,Morales,0,9864.44,309,Denise
false,kyletaylor,Fun!23,Taylor,0,5577.15,334,Kyle
false,rodneyberg,Fun!23,Berg,0,6066.9,556,Rodney
true,timothyjones,Fun!23,Jones,0,6503.66,713,Timothy
true,jamesanderson,Fun!23,Anderson,0,13225.46,652,James
false,joannatrevino,Fun!23,Trevino,0,6406.27,230,Joanna
true,patriciahughes,Fun!23,Hughes,0,11478.25,1014,Patricia
true,patriciamcdonald,Fun!23,Mcdonald,0,13891.26,785,Patricia
true,victoriamartin,Fun!23,Martin,0,12706.66,151,Victoria
false,meganthompson,Fun!23,Thompson,0,10686.24,808,Megan
false,danielhampton,Fun!23,Hampton,0,5526.95,133,Daniel
true,patricklarsen,Fun!23,Larsen,0,11136.04,437,Patrick
false,ianflores,Fun!23,Flores,0,13608.96,56,Ian
true,mercedesnichols,Fun!23,Nichols,0,11496.54,633,Mercedes
false,taylorjohnson,Fun!23,Johnson,0,13664.27,1033,Taylor
false,alyssakelly,Fun!23,Kelly,0,7425.09,791,Alyssa
true,rodneymoss,Fun!23,Moss,0,10044.11,905,Rodney
true,christinawheeler,Fun!23,Wheeler,0,13225.38,347,Christina
false,kristenmartinez,Fun!23,Martinez,0,7789.53,1023,Kristen
true,kimberlymejia,Fun!23,Mejia,0,11908.01,998,Kimberly
true,nicolelloyd,Fun!23,Lloyd,0,9898.95,851,Nicole
true,matthewgonzalez,Fun!23,Gonzalez,0,7093.76,645,Matthew
false,mikayladennis,Fun!23,Dennis,0,9175.85,1011,Mikayla
false,melaniekirk,Fun!23,Kirk,0,10260.37,157,Melanie
false,davidgross,Fun!23,Gross,0,11206.27,246,David
true,stephanieobrien,Fun!23,Obrien,0,10283.41,798,Stephanie
false,stephanieharris,Fun!23,Harris,0,13325.53,153,Stephanie
false,anthonydalton,Fun!23,Dalton,0,5250.95,460,Anthony
true,jakemitchell,Fun!23,Mitchell,0,6056.35,559,Jake
true,marissawagner,Fun!23,Wagner,0,12701.71,152,Marissa
true,daviddavila,Fun!23,Davila,0,5522.31,443,David
false,brianandrews,Fun!23,Andrews,0,11856.48,124,Brian
true,heatherlittle,Fun!23,Little,0,5190.23,585,Heather
true,heidipage,Fun!23,Page,0,14312.01,557,Heidi
false,brandonneal,Fun!23,Neal,0,6417.39,424,Brandon
false,darrelljones,Fun!23,Jones,0,14046.85,952,Darrell
true,carloslynch,Fun!23,Lynch,0,9598.69,1012,Carlos
true,erinmejia,Fun!23,Mejia,0,5639,796,Erin
false,crystalwalker,Fun!23,Walker,0,13605.32,117,Crystal
true,corybyrd,Fun!23,Byrd,0,11695.26,1036,Cory
false,janethughes,Fun!23,Hughes,0,5194.34,617,Janet
true,arturoflores,Fun!23,Flores,0,10906.26,55,Arturo
true,saulgonzalez,Fun!23,Gonzalez,0,10045.03,60,Saul
true,robertkennedy,Fun!23,Kennedy,0,5680.54,993,Robert
false,alexandracook,Fun!23,Cook,0,10346.66,958,Alexandra
true,donaldhaynes,Fun!23,Haynes,0,14717.53,351,Donald
false,destinyferguson,Fun!23,Ferguson,0,11585.23,233,Destiny
false,robertlyons,Fun!23,Lyons,0,10712.76,92,Robert
true,jessemontgomery,Fun!23,Montgomery,0,9876.97,237,Jesse
false,christineellis,Fun!23,Ellis,0,10272.63,690,Christine
false,danielleconrad,Fun!23,Conrad,0,10754.83,992,Danielle
true,anthonycarson,Fun!23,Carson,0,7118.12,624,Anthony
true,rebeccabrown,Fun!23,Brown,0,6297.75,435,Rebecca
false,daniellechavez,Fun!23,Chavez,0,5564.92,898,Danielle
false,anthonyhardin,Fun!23,Hardin,0,13191.06,389,Anthony
true,christopherdominguez,Fun!23,Dominguez,0,10307.34,363,Christopher
false,kristinesmith,Fun!23,Smith,0,6671.61,856,Kristine
false,ashleyfrye,Fun!23,Frye,0,10291.39,946,Ashley
false,keithchristensen,Fun!23,Christensen,0,13982.19,783,Keith
true,teresastewart,Fun!23,Stewart,0,11243.67,711,Teresa
false,dakotabender,Fun!23,Bender,0,6382.95,361,Dakota
true,alexanderwilson,Fun!23,Wilson,0,5247.65,850,Alexander
true,erinbarton,Fun!23,Barton,0,7567.24,1026,Erin
false,elizabethreyes,Fun!23,Reyes,0,12130.65,650,Elizabeth
true,michellesexton,Fun!23,Sexton,0,9292.12,453,Michelle
false,alisonhicks,Fun!23,Hicks,0,13743.08,849,Alison
true,donaldramirez,Fun!23,Ramirez,0,13989.75,975,Donald
true,amberlong,Fun!23,Long,0,7970.89,619,Amber
true,susanhill,Fun!23,Hill,0,12331.96,160,Susan
true,gailparker,Fun!23,Parker,0,11940.04,140,Gail
false,jamiebrown,Fun!23,Brown,0,10193.8,996,Jamie
false,michellejones,Fun!23,Jones,0,14447.31,268,Michelle
false,juliajones,Fun!23,Jones,0,9611.05,670,Julia
false,alexandercameron,Fun!23,Cameron,0,14427.3,332,Alexander
true,tracyfitzgerald,Fun!23,Fitzgerald,0,11048.32,786,Tracy
true,kendrasawyer,Fun!23,Sawyer,0,5623.19,1038,Kendra
true,luisjohnson,Fun!23,Johnson,0,12798.88,640,Luis
true,alejandramorris,Fun!23,Morris,0,6878.29,249,Alejandra
true,michelleramirez,Fun!23,Ramirez,0,13969.61,590,Michelle
false,robinwilson,Fun!23,Wilson,0,7426.92,846,Robin
true,wesleylambert,Fun!23,Lambert,0,9451.2,478,Wesley
true,kaylamahoney,Fun!23,Mahoney,0,12818.82,408,Kayla
false,allenarnold,Fun!23,Arnold,0,10731.11,637,Allen
true,dorismoore,Fun!23,Moore,0,10996.98,421,Doris
true,emilychang,Fun!23,Chang,0,10159.04,900,Emily
false,joelarellano,Fun!23,Arellano,0,10646.49,239,Joel
true,elizabethrodriguez,Fun!23,Rodriguez,0,6345.02,939,Elizabeth
false,annagutierrez,Fun!23,Gutierrez,0,11147.16,238,Anna
true,mariayoung,Fun!23,Young,0,8515.06,818,Maria
false,christianellis,Fun!23,Ellis,0,14836.16,866,Christian
true,joelwelch,Fun!23,Welch,0,9015.41,561,Joel
true,edwardjackson,Fun!23,Jackson,0,7437.52,509,Edward
true,cassandracook,Fun!23,Cook,0,8700.09,580,Cassandra
false,louisboone,Fun!23,Boone,0,14649.65,501,Louis
false,markgonzalez,Fun!23,Gonzalez,0,8240.44,862,Mark
false,jennachase,Fun!23,Chase,0,9174.5,533,Jenna
true,jacquelinedunn,Fun!23,Dunn,0,14905.29,284,Jacqueline
true,michelestevens,Fun!23,Stevens,0,6954.83,113,Michele
false,mariamccarthy,Fun!23,Mccarthy,0,13194.16,227,Maria
false,michaelmurray,Fun!23,Murray,0,9940.94,441,Michael
false,rickythompson,Fun!23,Thompson,0,12319.97,340,Ricky
true,tanyaturner,Fun!23,Turner,0,8093.37,822,Tanya
true,brittanyhawkins,Fun!23,Hawkins,0,8667.89,119,Brittany
false,hectorwhitney,Fun!23,Whitney,0,8488.28,789,Hector
true,nicolehart,Fun!23,Hart,0,6375.83,750,Nicole
true,auroradisney,Fun!23,Disney,0,8190.42,14,Aurora
true,edwardmolina,Fun!23,Molina,0,13072.86,610,Edward
false,thomasstevenson,Fun!23,Stevenson,0,14083.11,1018,Thomas
true,reneebradley,Fun!23,Bradley,0,5881.84,112,Renee
true,crystalyoung,Fun!23,Young,0,10596.72,636,Crystal
true,marciasnyder,Fun!23,Snyder,0,7448.51,834,Marcia
false,tylerevans,Fun!23,Evans,0,8278,930,Tyler
false,austinlewis,Fun!23,Lewis,0,11475.57,1013,Austin
true,lisapeters,Fun!23,Peters,0,13999.35,859,Lisa
true,markrogers,Fun!23,Rogers,0,6189.06,643,Mark
true,geraldbaker,Fun!23,Baker,0,11876.59,449,Gerald
false,jesustorresdominguez,Fun!23,TorresDominguez,0,12975.72,86,Jesus
false,ruthponce,Fun!23,Ponce,0,9753.68,926,Ruth
false,dannellmunozsilva,Fun!23,MunozSilva,0,13654.19,77,Dannell
false,ericaharrison,Fun!23,Harrison,0,9206.04,101,Erica
true,lisajackson,Fun!23,Jackson,0,8528.91,917,Lisa
true,leroywalters,Fun!23,Walters,0,13997.62,261,Leroy
true,gabrielhansen,Fun!23,Hansen,0,12001.37,496,Gabriel
true,brettmathis,Fun!23,Mathis,0,7860.3,945,Brett
false,jorgehaley,Fun!23,Haley,0,12253.33,721,Jorge
false,donnatravis,Fun!23,Travis,0,7041.42,392,Donna
true,theresamacias,Fun!23,Macias,0,12971.68,300,Theresa
false,matthewerickson,Fun!23,Erickson,0,6753.84,260,Matthew
true,michaelfox,Fun!23,Fox,0,11910.03,486,Michael
false,amandajohnson,Fun!23,Johnson,0,11239.89,913,Amanda
false,karenzhang,Fun!23,Zhang,0,8198.48,264,Karen
false,teresajacobs,Fun!23,Jacobs,0,8066.16,380,Teresa
true,tiffanymay,Fun!23,May,0,14795.65,426,Tiffany
false,susanallen,Fun!23,Allen,0,14283.07,270,Susan
false,dorismercado,Fun!23,Mercado,0,8499.55,474,Doris
false,pinocchiodisney,Fun!23,Disney,0,7032.97,30,Pinocchio
false,kimberlymartinez,Fun!23,Martinez,0,14771.96,655,Kimberly
true,jessicaanderson,Fun!23,Anderson,0,8249.19,490,Jessica
true,mufassadisney,Fun!23,Disney,0,14931.57,13,Mufassa
true,anthonyhunter,Fun!23,Hunter,0,6360.46,420,Anthony
false,sherrymora,Fun!23,Mora,0,6351.31,864,Sherry
false,stevenmiller,Fun!23,Miller,0,9195.7,918,Steven
true,ethanholmes,Fun!23,Holmes,0,7635.19,202,Ethan
false,josephmacdonald,Fun!23,Macdonald,0,9500.28,588,Joseph
false,lisaspencer,Fun!23,Spencer,0,10366.07,418,Lisa
false,jorgehuerta,Fun!23,Huerta,0,9104.55,888,Jorge
false,christopherortega,Fun!23,Ortega,0,13999.84,912,Christopher
true,tylerbaxter,Fun!23,Baxter,0,8147.95,618,Tyler
true,aprilturner,Fun!23,Turner,0,7920.88,439,April
true,marklee,Fun!23,Lee,0,9948.87,221,Mark
false,davidsummers,Fun!23,Summers,0,9397.62,756,David
true,terrimendez,Fun!23,Mendez,0,12876.95,410,Terri
true,samanthamay,Fun!23,May,0,9306.28,234,Samantha
false,amyparsons,Fun!23,Parsons,0,10251.15,847,Amy
true,rachelvasquez,Fun!23,Vasquez,0,8577.53,146,Rachel
true,mistyhorton,Fun!23,Horton,0,8185.26,366,Misty
false,shirleyfoster,Fun!23,Foster,0,13233.39,208,Shirley
false,allisonweaver,Fun!23,Weaver,0,8840.87,731,Allison
true,kevingould,Fun!23,Gould,0,13409.45,485,Kevin
true,sarahcline,Fun!23,Cline,0,7969.76,606,Sarah
false,paulharmon,Fun!23,Harmon,0,12066.4,860,Paul
true,michaelmoran,Fun!23,Moran,0,8481.99,158,Michael
false,garymckenzie,Fun!23,Mckenzie,0,5445.59,920,Gary
false,carmenpetersen,Fun!23,Petersen,0,14508.85,987,Carmen
true,lisagarrett,Fun!23,Garrett,0,7753.89,220,Lisa
false,juliayoung,Fun!23,Young,0,6233.34,699,Julia
false,ginaswanson,Fun!23,Swanson,0,9486.42,654,Gina
false,paulawyatt,Fun!23,Wyatt,0,7397.65,129,Paula
true,jasonburke,Fun!23,Burke,0,9408.02,159,Jason
true,anthonykramer,Fun!23,Kramer,0,9893.13,906,Anthony
false,alexanderkelly,Fun!23,Kelly,0,14417.43,232,Alexander
false,herculesdisney,Fun!23,Disney,0,14553,33,Hercules
false,bridgetwagner,Fun!23,Wagner,0,13711.03,214,Bridget
true,davidjohnson,Fun!23,Johnson,0,12564.48,1002,David
true,robinwatson,Fun!23,Watson,0,7233.49,525,Robin
false,emilyjackson,Fun!23,Jackson,0,11172.73,990,Emily
false,kyliesummers,Fun!23,Summers,0,14460.02,544,Kylie
false,sharongillespie,Fun!23,Gillespie,0,10278.1,935,Sharon
true,markstewart,Fun!23,Stewart,0,6838.01,794,Mark
true,haydenmcdaniel,Fun!23,Mcdaniel,0,12734.9,779,Hayden
false,jerryrodriguez,Fun!23,Rodriguez,0,8413.45,974,Jerry
true,jenniferjones,Fun!23,Jones,0,8048.96,816,Jennifer
false,michaelking,Fun!23,King,0,6362.57,613,Michael
true,rodneymcneil,Fun!23,Mcneil,0,12254.47,742,Rodney
false,kathleensmall,Fun!23,Small,0,13424.47,321,Kathleen
false,coreywilson,Fun!23,Wilson,0,5767.81,565,Corey
true,williamevans,Fun!23,Evans,0,7409.16,552,William
false,chadclark,Fun!23,Clark,0,14176.9,573,Chad
true,victorross,Fun!23,Ross,0,6713.13,603,Victor
true,williamortiz,Fun!23,Ortiz,0,9727.92,675,William
true,davidhayes,Fun!23,Hayes,0,7777.84,931,David
false,ernestbentley,Fun!23,Bentley,0,12604.29,825,Ernest
false,tyronejohnston,Fun!23,Johnston,0,5158.04,679,Tyrone
false,shawnlee,Fun!23,Lee,0,5817.23,812,Shawn
false,marklozano,Fun!23,Lozano,0,12029.13,203,Mark
true,kevinlarson,Fun!23,Larson,0,9118.87,461,Kevin
true,davidmills,Fun!23,Mills,0,14676.87,305,David
false,robertleblanc,Fun!23,Leblanc,0,7309.69,571,Robert
true,laurasmith,Fun!23,Smith,0,11849.14,307,Laura
false,jerrylee,Fun!23,Lee,0,13699.54,198,Jerry
true,michelleortiz,Fun!23,Ortiz,0,5364.16,323,Michelle
false,richardblackwell,Fun!23,Blackwell,0,10054.02,154,Richard
true,michaelclarke,Fun!23,Clarke,0,13319.86,852,Michael
false,jamieconner,Fun!23,Conner,0,7741.17,517,Jamie
false,ashleyromero,Fun!23,Romero,0,11937.37,139,Ashley
false,shannonavery,Fun!23,Avery,0,11420.51,229,Shannon
true,matthewporter,Fun!23,Porter,0,7074.41,493,Matthew
true,devindiaz,Fun!23,Diaz,0,8430.17,391,Devin
true,justinwilson,Fun!23,Wilson,0,5258.48,164,Justin
true,lorilivingston,Fun!23,Livingston,0,12720.38,999,Lori
true,jacobcontreras,Fun!23,Contreras,0,5174.69,628,Jacob
true,josefarley,Fun!23,Farley,0,7217.7,688,Jose
true,justinhawkins,Fun!23,Hawkins,0,6166.42,894,Justin
false,josephlewis,Fun!23,Lewis,0,8062.31,235,Joseph
false,staceypaul,Fun!23,Paul,0,8474.39,328,Stacey
true,crystalrice,Fun!23,Rice,0,10265.24,464,Crystal
true,jessicamoore,Fun!23,Moore,0,5351.69,248,Jessica
false,marylee,Fun!23,Lee,0,5358.82,698,Mary
false,kevintran,Fun!23,Tran,0,13672.99,842,Kevin
true,anthonybarber,Fun!23,Barber,0,12747.53,594,Anthony
false,curtisphillips,Fun!23,Phillips,0,12264.35,876,Curtis
true,haleymoss,Fun!23,Moss,0,5484.91,163,Haley
false,ryanmcconnell,Fun!23,Mcconnell,0,9384.55,299,Ryan
false,nancyrobles,Fun!23,Robles,0,9191.58,527,Nancy
true,davidcox,Fun!23,Cox,0,14710.28,649,David
false,reneezimmerman,Fun!23,Zimmerman,0,14235.67,178,Renee
true,ashleyevans,Fun!23,Evans,0,12135.85,147,Ashley
true,carloscepeda,Fun!23,Cepeda,0,10157.46,48,Carlos
false,ritaowens,Fun!23,Owens,0,12129.54,432,Rita
true,angelaenglish,Fun!23,English,0,14744.35,1032,Angela
true,elizabethdominguez,Fun!23,Dominguez,0,7841.83,773,Elizabeth
true,krystalthompson,Fun!23,Thompson,0,11877.25,396,Krystal
false,marychapman,Fun!23,Chapman,0,6594.23,511,Mary
true,stevecruz,Fun!23,Cruz,0,11508.82,51,Steve
false,terristrickland,Fun!23,Strickland,0,14296.42,475,Terri
false,gastondisney,Fun!23,Disney,0,5655.77,25,Gaston
true,theresaobrien,Fun!23,Obrien,0,5295.84,107,Theresa
true,megansmith,Fun!23,Smith,0,14169.34,755,Megan
false,feliciacarlson,Fun!23,Carlson,0,11489.13,820,Felicia
false,angeljoseph,Fun!23,Joseph,0,13722.58,370,Angel
false,theresahardy,Fun!23,Hardy,0,13097.36,468,Theresa
true,catherinemann,Fun!23,Mann,0,14531.24,760,Catherine
false,andrewmcclure,Fun!23,Mcclure,0,7487.29,612,Andrew
true,jillsolis,Fun!23,Solis,0,8477.87,429,Jill
false,paulsalas,Fun!23,Salas,0,13683.77,991,Paul
false,andrewnorris,Fun!23,Norris,0,11288.41,817,Andrew
false,brittanyweaver,Fun!23,Weaver,0,10125.26,555,Brittany
true,marissahenry,Fun!23,Henry,0,6482.82,979,Marissa
false,kristabeck,Fun!23,Beck,0,10002.54,967,Krista
false,stephaniekirby,Fun!23,Kirby,0,14406,656,Stephanie
false,stacymaldonado,Fun!23,Maldonado,0,8313.09,986,Stacy
false,daledisney,Fun!23,Disney,0,6069.99,7,Dale
true,oliviaromero,Fun!23,Romero,0,7523.26,193,Olivia
true,jennyhenry,Fun!23,Henry,0,6319.8,312,Jenny
true,kimberlyjohnson,Fun!23,Johnson,0,13767.32,550,Kimberly
false,adammaldonado,Fun!23,Maldonado,0,14842.07,296,Adam
true,denniscooper,Fun!23,Cooper,0,12616.8,933,Dennis
false,pennymcdaniel,Fun!23,Mcdaniel,0,11421.71,901,Penny
true,brianjensen,Fun!23,Jensen,0,7176.18,210,Brian
true,stephanieperry,Fun!23,Perry,0,10657.54,976,Stephanie
false,rebeccafisher,Fun!23,Fisher,0,7149.74,749,Rebecca
true,bretthiggins,Fun!23,Higgins,0,6520.71,879,Brett
false,cynthiagiles,Fun!23,Giles,0,13376.69,685,Cynthia
false,brandigordon,Fun!23,Gordon,0,5526.25,482,Brandi
true,williamhunter,Fun!23,Hunter,0,5167.54,266,William
true,mickeymouse,Fun!23,Mouse,0,6373.11,1,Mickey
false,sherrivelasquez,Fun!23,Velasquez,0,12798.5,535,Sherri
true,jasonwolfe,Fun!23,Wolfe,0,9177.25,327,Jason
false,seanroberts,Fun!23,Roberts,0,9998.11,118,Sean
false,craigespinoza,Fun!23,Espinoza,0,10727.98,165,Craig
true,patriciaglenn,Fun!23,Glenn,0,11605.64,344,Patricia
false,alanrobles,Fun!23,Robles,0,14837.22,81,Alan
true,rachelphillips,Fun!23,Phillips,0,8835.38,317,Rachel
false,joecochran,Fun!23,Cochran,0,7553.94,491,Joe
false,danielromero,Fun!23,Romero,0,12750.26,283,Daniel
true,bradpatel,Fun!23,Patel,0,5283.06,91,Brad
true,elizabethkim,Fun!23,Kim,0,11698.29,306,Elizabeth
true,patrickbennett,Fun!23,Bennett,0,11747.78,784,Patrick
true,markrichards,Fun!23,Richards,0,9437.6,272,Mark
true,roseburgess,Fun!23,Burgess,0,11141.45,646,Rose
true,thomasguinto,Fun!23,Guinto,0,5337.1,63,Thomas
false,georgewood,Fun!23,Wood,0,13646.99,465,George
true,noahhorne,Fun!23,Horne,0,7432.5,521,Noah
true,davidvasquez,Fun!23,Vasquez,0,8961.14,88,David
true,christopherrobinson,Fun!23,Robinson,0,5540.81,662,Christopher
true,amymcpherson,Fun!23,Mcpherson,0,6183.15,502,Amy
true,darrengibbs,Fun!23,Gibbs,0,8282.69,611,Darren
false,jerryhampton,Fun!23,Hampton,0,10675.61,451,Jerry